variant,canonical,rule,n_papers_variant,cluster_variants,shared_coauthors,needs_review
A. Castor,A. Castor,,1,1,,False
A. Y. Kano,A. Y. Kano,,1,1,,False
Abimael Santos,Abimael Santos,,3,1,,False
Adicinéia Aparecida de Oliveira,Adicinéia Aparecida de Oliveira,,1,1,,False
Adriana Carniello,Adriana Carniello,,1,1,,False
Adriana Damian,Adriana Damian,,1,1,,False
Adriana Pereira de Medeiros,Adriana Pereira de Medeiros,,1,1,,False
Adriano Barbosa,Adriano Barbosa,,1,1,,False
Adriano Costa Pinto,Adriano Costa Pinto,,1,1,,False
Alain Abran,Alain Abran,,1,1,,False
Alan J. Forster,Alan J. Forster,,1,1,,False
Alan R.G. García,Alan R.G. García,,1,1,,False
Alberto Aparicio Vila,Alberto Aparicio Vila,,1,1,,False
Alberto Sardinha,Alberto Sardinha,,1,1,,False
Alberto Sebastián,Alberto Sebastián,,4,2,,False
Alberto Sebastian,Alberto Sebastián,same_key,1,2,2,False
Aldo Nunes,Aldo Nunes,,1,1,,False
Aldo Quelopana Retamal,Aldo Quelopana Retamal,,1,1,,False
Alejandra Cechich,Alejandra Cechich,,2,1,,False
Alejandro Fernandez,Alejandro Fernandez,,4,1,,False
Alejandro Oliveros,Alejandro Oliveros,,17,2,,False
A. Oliveros,Alejandro Oliveros,initials,1,2,1,False
Alessandra Chan,Alessandra Chan,,1,1,,False
Alessandro Fantechi,Alessandro Fantechi,,1,1,,False
Alex Armijos Roblero,Alex Armijos Roblero,,1,1,,False
Alex Leodan Arce,Alex Leodan Arce,,1,1,,False
Alex Lins de Araújo,Alex Lins de Araújo,,1,1,,False
Alex Sandro Gomes,Alex Sandro Gomes,,2,1,,False
Alexandre Barbosa,Alexandre Barbosa,,1,1,,False
Alexandre Brito Cardias Junior,Alexandre Brito Cardias Junior,,1,1,,False
Alexandre Lazaretti Zanatta,Alexandre Lazaretti Zanatta,,2,1,,False
Alexandre Lerário,Alexandre Lerário,,1,2,,False
Alexandre Lerario,Alexandre Lerário,same_key,1,2,2,False
Alexandre Luiz de Borba Silva,Alexandre Luiz de Borba Silva,,1,2,,False
Alexandre L. B. Silva,Alexandre Luiz de Borba Silva,subset,1,2,2,False
Alexandre Marcos Lins de Vasconcelos,Alexandre Marcos Lins de Vasconcelos,,1,2,,False
Alexandre M. L. de Vasconcelos,Alexandre Marcos Lins de Vasconcelos,manual,1,2,0,False
Alexandre Mendonça,Alexandre Mendonça,,1,1,,False
Alexia Pacheco,Alexia Pacheco,,1,1,,False
Alexssandro Morgenroth,Alexssandro Morgenroth,,1,1,,False
Alicia Martínez,Alicia Martínez,,4,2,,False
A. Martinez,Alicia Martínez,initials,1,2,2,False
Aline Barbosa,Aline Barbosa,,5,3,,False
Aline Ferreira Barbosa,Aline Barbosa,subset,1,3,1,False
Aline F. Barbosa,Aline Barbosa,subset,1,3,2,False
Aline Jaqueira,Aline Jaqueira,,1,1,,False
Alireza Pourshahid,Alireza Pourshahid,,1,1,,False
Alison de Oliveira Moraes,Alison de Oliveira Moraes,,1,1,,False
Alisson Neres Lindoso,Alisson Neres Lindoso,,1,1,,False
Alline de Melo Lemos,Alline de Melo Lemos,,1,1,,False
Alvaro Oliveira,Alvaro Oliveira,,2,1,,False
Amador Durán,Amador Durán,,3,3,,False
A. Durán Toro,Amador Durán,surname_not_last,2,3,4,False
A. Durán,Amador Durán,surname_not_last,1,3,3,False
Amanda Sousa,Amanda Sousa,,2,1,,False
Amora Sukar,Amora Sukar,,1,1,,False
Ana Carolina Candido de Melo,Ana Carolina Candido de Melo,,1,1,,False
Ana Clara Correa da Silva,Ana Clara Correa da Silva,,1,1,,False
Ana Elizabete Souza de Carvalho,Ana Elizabete Souza de Carvalho,,1,2,,False
A.E.S. Carvalho,Ana Elizabete Souza de Carvalho,initials,1,2,1,False
Ana Estela Antunes da Silva,Ana Estela Antunes da Silva,,1,1,,False
Ana Holanda,Ana Holanda,,1,1,,False
Ana Luisa Medeiros,Ana Luisa Medeiros,,1,1,,False
Ana Luiza A. Cerqueira,Ana Luiza A. Cerqueira,,1,1,,False
Ana M. Lima,Ana M. Lima,,1,1,,False
Ana Maria da Mota Moura,Ana Maria da Mota Moura,,2,1,,False
Ana Maria de Alencar Price,Ana Maria de Alencar Price,,1,1,,False
Ana Moreira,Ana Moreira,,3,1,,False
Anarosa Alves Franco Brandão,Anarosa Alves Franco Brandão,,1,1,,False
Anderson Belgamo,Anderson Belgamo,,4,1,,False
Anderson Jefferson Cerqueira,Anderson Jefferson Cerqueira,,1,1,,False
Andrea Alegretti,Andrea Alegretti,,1,1,,False
Andreia Malucelli,Andreia Malucelli,,1,1,,False
Andres Paul Moya Flores,Andres Paul Moya Flores,,1,1,,False
Andressa Girotto Vargas,Andressa Girotto Vargas,,1,1,,False
André Di Thommazo,André Di Thommazo,,1,1,,False
André Luiz Coelho da Silva,André Luiz Coelho da Silva,,1,1,,False
André Luiz de Castro Leal,André Luiz de Castro Leal,,5,1,,False
André Villas-Boas,André Villas-Boas,,1,1,,False
Andréia Libório Sampaio,Andréia Libório Sampaio,,1,1,,False
Angela Verónica Granizo Rodríguez,Angela Verónica Granizo Rodríguez,,1,1,,False
Angelica Cunha dos Santos,Angelica Cunha dos Santos,,1,1,,False
Angelica Toffano Seidel Calazans,Angelica Toffano Seidel Calazans,,2,3,,False
Angélica Toffano Seidel Calazans,Angelica Toffano Seidel Calazans,same_key,2,3,2,False
Angélica Toffano S. Calazans,Angelica Toffano Seidel Calazans,subset,1,3,2,False
Anna Beatriz Marques,Anna Beatriz Marques,,3,2,,False
Anna B. Marques,Anna Beatriz Marques,subset,2,2,2,False
Anselmo de Araujo Couto,Anselmo de Araujo Couto,,1,1,,False
Antonelli Leandro,Antonelli Leandro,,1,1,,False
Antonio Juarez,Antonio Juarez,,1,1,,False
A. Ruiz Cortés,Antonio Ruiz,surname_not_last,2,3,4,False
Antonio Ruiz,Antonio Ruiz,,2,3,,False
A. Ruiz-Cortés,Antonio Ruiz,surname_not_last,1,3,3,False
Antonio Vallecillo,Antonio Vallecillo,,1,1,,False
Antonio de Padua Albuquerque Oliveira,Antonio de Padua Albuquerque Oliveira,,4,3,,False
Antônio de Pádua Albuquerque Oliveira,Antonio de Padua Albuquerque Oliveira,same_key,1,3,0,False
Antonio de Padua,Antonio de Padua Albuquerque Oliveira,surname_not_last,1,3,1,False
Apuena Gomes,Apuena Gomes,,2,1,,False
Ari Melo Mariano,Ari Melo Mariano,,1,1,,False
Ariadne M. B. R. Carvalho,Ariadne M. B. R. Carvalho,,1,2,,False
Ariadne Carvalho,Ariadne M. B. R. Carvalho,manual,1,2,0,False
Arndt von Staa,Arndt von Staa,,1,1,,False
Arthur Vieira,Arthur Vieira,,1,1,,False
Artur Andrade,Artur Andrade,,1,1,,False
Arturo González,Arturo González,,2,1,,False
Astério K. Tanaka,Astério K. Tanaka,,1,1,,False
Augusto Terra,Augusto Terra,,1,1,,False
Auri M. R. Vincenzi,Auri M. R. Vincenzi,,1,1,,False
Aurora Vizcaíno,Aurora Vizcaíno,,3,1,,False
Awais Rashid,Awais Rashid,,1,1,,False
Awdren de Lima Fontão,Awdren de Lima Fontão,,1,1,,False
Azriel Majdenbaum,Azriel Majdenbaum,,2,1,,False
Aêda Sousa,Aêda Sousa,,6,2,,False
Aeda Sousa,Aêda Sousa,same_key,1,2,1,False
Beatriz B. do Rêgo,Beatriz B. do Rêgo,,1,1,,False
Beatriz Bernárdez,Beatriz Bernárdez,,3,2,,False
B. Bernárdez Jiménez,Beatriz Bernárdez,surname_not_last,1,2,3,False
Beatriz Mascia Daltrini,Beatriz Mascia Daltrini,,2,1,,False
Belfor Acuña-Castillo,Belfor Acuña-Castillo,,1,1,,False
Bernardo G. Ambrósio,Bernardo G. Ambrósio,,1,1,,False
Bill Andreopoulos,Bill Andreopoulos,,1,1,,False
Bleno W. F. V. da Silva,Bleno W. F. V. da Silva,,1,1,,False
Boris Pérez,Boris Pérez,,1,1,,False
Brenda Aguiar,Brenda Aguiar,,1,1,,False
Brian Caimmi,Brian Caimmi,,1,1,,False
Bruna Costa Cons,Bruna Costa Cons,,1,1,,False
Bruna Ferreira,Bruna Ferreira,,1,1,,False
Bruno Borlini Duarte,Bruno Borlini Duarte,,1,1,,False
Bruno De Souza Silva,Bruno De Souza Silva,,1,1,,False
Bruno G. Ochotorena,Bruno G. Ochotorena,,1,1,,False
Bruno Gadelha,Bruno Gadelha,,2,1,,False
Bruno González-Baixauli,Bruno González-Baixauli,,3,2,,False
Bruno Gonzalez-Baixauli,Bruno González-Baixauli,same_key,1,2,1,False
Bruno Nandolpho Machado,Bruno Nandolpho Machado,,1,1,,False
Bruno P. de Souza,Bruno P. de Souza,,1,1,,False
Bruno Pazos,Bruno Pazos,,1,1,,False
Bruno Rezende,Bruno Rezende,,1,1,,False
Bruno Santana da Silva,Bruno Santana da Silva,,1,1,,False
Bárbara Stefani Ranieri,Bárbara Stefani Ranieri,,1,1,,False
Caio Moussa Assumpção,Caio Moussa Assumpção,,1,1,,False
Caio Steglich,Caio Steglich,,1,1,,False
Camila Almeida,Camila Almeida,,1,1,,False
Camila B. de Andrade,Camila B. de Andrade,,1,2,,False
Camila Andrade,Camila B. de Andrade,subset,1,2,2,False
Camila Luísa F. de Lima,Camila Luísa F. de Lima,,1,1,,False
Camila Tiemi Outa,Camila Tiemi Outa,,1,1,,False
Camilo Almendra,Camilo Almendra,,1,1,,False
Camilo Castellanos,Camilo Castellanos,,1,1,,False
Carina Alves,Carina Alves,,6,2,,False
Carina Frota Alves,Carina Alves,subset,1,2,1,False
Carla Bezerra,Carla Bezerra,,1,1,,False
Carla Silva,Carla Silva,,21,2,,False
C.T.L.L. Silva,Carla Silva,initials,1,2,1,False
C. Silva,Carla Silva,manual,1,1,2,False
Carlos Antonio Carden,Carlos Antonio Carden,,1,2,,False
Carlos Carden,Carlos Antonio Carden,subset,1,2,1,False
Carlos Cares,Carlos Cares,,2,1,,False
Carlos Eduardo C. Braga,Carlos Eduardo C. Braga,,1,1,,False
Carlos Eduardo Lacerda Veiga,Carlos Eduardo Lacerda Veiga,,1,1,,False
Carlos Eduardo Portela Serra de Castro,Carlos Eduardo Portela Serra de Castro,,1,1,,False
Carlos Eduardo Xavier Correia,Carlos Eduardo Xavier Correia,,1,1,,False
Carlos Henrique Netto Lahoz,Carlos Henrique Netto Lahoz,,1,2,,False
Carlos Lahoz,Carlos Henrique Netto Lahoz,manual,1,2,0,False
Carlos José Pereira de Lucena,Carlos José Pereira de Lucena,,1,1,,False
Carlos Monsalve,Carlos Monsalve,,1,1,,False
Carlos Neil,Carlos Neil,,1,1,,False
Carlos Nusch,Carlos Nusch,,1,1,,False
Carlos Renato dos Santos,Carlos Renato dos Santos,,4,1,,False
Carme Jiménez,Carme Jiménez,,1,1,,False
Carme Quer,Carme Quer,,4,2,,False
C. Quer,Carme Quer,initials,1,2,3,False
Carmen Velasco,Carmen Velasco,,1,1,,False
Carolina Howard Felicíssimo,Carolina Howard Felicíssimo,,2,2,,False
Carolina Howard Felicissimo,Carolina Howard Felicíssimo,same_key,1,2,1,False
Carolina Sturm Trindade,Carolina Sturm Trindade,,1,1,,False
Caroline Carbonell Cintra,Caroline Carbonell Cintra,,1,1,,False
Carolyn Seaman,Carolyn Seaman,,1,1,,False
Catalin Bidian,Catalin Bidian,,1,1,,False
Catalina Mostaccio,Catalina Mostaccio,,4,1,,False
Cecilia Hinojosa,Cecilia Hinojosa,,1,1,,False
Cecilia Sosa Arias Peixoto,Cecilia Sosa Arias Peixoto,,1,1,,False
Celso Agra,Celso Agra,,2,1,,False
Celso Sá Filho,Celso Sá Filho,,1,1,,False
Christina von Flach G. Chavez,Christina von Flach G. Chavez,,1,1,,False
Christopher Shneider Cerqueira,Christopher Shneider Cerqueira,,1,1,,False
Cinthya Cavalcanti,Cinthya Cavalcanti,,1,1,,False
Claiton Luís Grings,Claiton Luís Grings,,1,1,,False
Clarissa Borba,Clarissa Borba,,2,1,,False
Claudia Cappelli,Claudia Cappelli,,1,1,,False
Claudia Hazan,Claudia Hazan,,2,1,,False
Claudia Marcos,Claudia Marcos,,1,1,,False
Claudia P. Ayala,Claudia P. Ayala,,1,1,,False
Claudia Silvia Litvak,Claudia Silvia Litvak,,1,1,,False
Claudia de Andrade Tambascia,Claudia de Andrade Tambascia,,1,1,,False
Claudio Coelho da Silva Junior,Claudio Coelho da Silva Junior,,1,1,,False
Claudio Henrique Medaber Jambo,Claudio Henrique Medaber Jambo,,1,1,,False
Claudio Meneses Villegas,Claudio Meneses Villegas,,1,1,,False
Cleice Souza,Cleice Souza,,2,1,,False
Cleidson R. B. de Souza,Cleidson R. B. de Souza,,2,2,,False
Cleidson Ronald Botelho de Souza,Cleidson R. B. de Souza,subset,1,2,1,False
Clemente Izurieta,Clemente Izurieta,,1,1,,False
Cláudia Maria Lima Werner,Cláudia Maria Lima Werner,,1,1,,False
Cláudia Souza,Cláudia Souza,,1,1,,False
Cornejo Galo,Cornejo Galo,,1,1,,False
C. S. de Menezes,Crediné Silva de Menezes,manual,1,1,0,False
Cristiana De Paulo,Cristiana De Paulo,,1,2,,False
Cristiana de Paulo,Cristiana De Paulo,same_key,1,2,1,False
Cristiane Aparecida Lana,Cristiane Aparecida Lana,,1,1,,False
Cristiano Ferreira de Souza,Cristiano Ferreira de Souza,,1,1,,False
Cristina Tavares,Cristina Tavares,,1,1,,False
Cynara Lira de Carvalho Souza,Cynara Lira de Carvalho Souza,,1,1,,False
Cássio Capucho Peçanha,Cássio Capucho Peçanha,,1,1,,False
D. Pascual,D. Pascual,,1,1,,False
D.J. Nunes,D.J. Nunes,,1,1,,False
Dalessandro S. Vianna,Dalessandro S. Vianna,,1,1,,False
Damiano Distante,Damiano Distante,,1,1,,False
Daniel Aguil Mallea,Daniel Aguil Mallea,,1,1,,False
Daniel Alves da Silva,Daniel Alves da Silva,,1,1,,False
Daniel Amyot,Daniel Amyot,,2,1,,False
Daniel Arias Figueroa,Daniel Arias Figueroa,,1,1,,False
Daniel Colomer,Daniel Colomer,,1,1,,False
Daniel Ferreira,Daniel Ferreira,,1,1,,False
Daniel M. Berry,Daniel M. Berry,,4,1,,False
Daniel Maria,Daniel Maria,,1,1,,False
Daniel Mosqueira Obando,Daniel Mosqueira Obando,,1,1,,False
Daniel Méndez Fernández,Daniel Méndez Fernández,,1,1,,False
Daniela Barreiro Claro,Daniela Barreiro Claro,,1,1,,False
Daniela Cruzes,Daniela Cruzes,,1,1,,False
Daniela Raffo,Daniela Raffo,,1,1,,False
Daniella de O. Costa,Daniella de O. Costa,,1,1,,False
Danielle Loyola,Danielle Loyola,,1,1,,False
Danielle Rousy,Danielle Rousy,,2,1,,False
Danilo Tavares,Danilo Tavares,,1,1,,False
Dante Carrizo,Dante Carrizo,,2,1,,False
Danyllo Albuquerque,Danyllo Albuquerque,,2,1,,False
Darlan Arruda,Darlan Arruda,,1,1,,False
Darío Correal,Darío Correal,,1,1,,False
Davi De França Carneiro,Davi De França Carneiro,,1,2,,False
Davi de França Carneiro,Davi De França Carneiro,same_key,1,2,2,False
David Anes Alcolea,David Anes Alcolea,,1,1,,False
David Donari,David Donari,,1,1,,False
Davide Bolchini,Davide Bolchini,,2,2,,False
D. Bolchini,Davide Bolchini,manual,1,2,0,False
Davide Falessi,Davide Falessi,,1,1,,False
Deivson Albuquerque,Deivson Albuquerque,,1,1,,False
Delfina Villarreal Garrido,Delfina Villarreal Garrido,,1,1,,False
Demétrius de Almeida Jubé,Demétrius de Almeida Jubé,,1,1,,False
Denis Silveira,Denis Silveira,,1,1,,False
Denise Assis,Denise Assis,,1,1,,False
D.F. Togneri,Denise Franzotti Togneri,manual,1,1,0,False
Denise Lazzeri Gastaldo,Denise Lazzeri Gastaldo,,1,1,,False
Denize Pimenta,Denize Pimenta,,1,1,,False
Dennis Farfán Lovón,Dennis Farfán Lovón,,1,1,,False
Diego Dermeval,Diego Dermeval,,1,1,,False
Diego Firmenich,Diego Firmenich,,3,1,,False
Diego Menegazzi,Diego Menegazzi,,1,1,,False
Diego Torres,Diego Torres,,5,1,,False
Diogo Do Nascimento Paza,Diogo Do Nascimento Paza,,1,1,,False
Dolors Costal,Dolors Costal,,1,1,,False
Dorgival Netto,Dorgival Netto,,4,1,,False
Décio Fonseca,Décio Fonseca,,1,1,,False
Dércio Vieira,Dércio Vieira,,1,1,,False
Dênis Zaniro,Dênis Zaniro,,1,1,,False
E. Insfrán,E. Insfrán,,1,1,,False
E. Tejadillos,E. Tejadillos,,1,1,,False
Eber Schmitz,Eber Schmitz,,1,1,,False
Ecivaldo Matos,Ecivaldo Matos,,2,1,,False
Edgar Sarmiento Calisaya,Edgar Sarmiento Calisaya,,1,2,,False
Edgar Sarmiento,Edgar Sarmiento Calisaya,manual,1,2,0,False
Edinelson Aparecido Batista,Edinelson Aparecido Batista,,1,1,,False
Edna Dias Canedo,Edna Dias Canedo,,8,1,,False
Edna Pacheco Zanlorenci,Edna Pacheco Zanlorenci,,4,1,,False
Edneuci Denise Audacio,Edneuci Denise Audacio,,1,1,,False
Ednilson da S. A. Júnior,Ednilson da S. A. Júnior,,1,1,,False
Edson Alves,Edson Alves,,1,1,,False
Edson Andrade de Moraes,Edson Andrade de Moraes,,1,1,,False
Edson César Oliveira,Edson César Oliveira,,1,1,,False
Edson Toshimi Midorikawa,Edson Toshimi Midorikawa,,1,1,,False
Eduardo Aranha,Eduardo Aranha,,1,1,,False
Eduardo B. Fernandez,Eduardo B. Fernandez,,1,1,,False
Eduardo Freire,Eduardo Freire,,1,1,,False
Eduardo José Ribeiro Castro,Eduardo José Ribeiro Castro,,1,1,,False
Eduardo Kinder Almentero,Eduardo Kinder Almentero,,5,3,,False
Eduardo Almentero,Eduardo Kinder Almentero,subset,3,3,3,False
Eduardo Kinder,Eduardo Kinder Almentero,surname_not_last,1,3,1,False
Eduardo Santana de Almeida,Eduardo Santana de Almeida,,1,1,,False
Efrain R. Fonseca C,Efrain R. Fonseca C,,1,1,,False
Egberto Santana,Egberto Santana,,1,1,,False
Eliane Siegert,Eliane Siegert,,1,1,,False
Elias Canhadas Genvigir,Elias Canhadas Genvigir,,3,1,,False
Eliel Morales,Eliel Morales,,1,1,,False
Elisa Yumi Nakagawa,Elisa Yumi Nakagawa,,1,1,,False
Elizabeth Furtado,Elizabeth Furtado,,1,1,,False
Elizabeth Suescún Monsalve,Elizabeth Suescún Monsalve,,1,2,,False
Elizabeth Suescun,Elizabeth Suescún Monsalve,surname_not_last,1,2,2,False
Elizamara K. Almeida,Elizamara K. Almeida,,1,1,,False
Ellen Souza,Ellen Souza,,1,1,,False
Eloisa Toffano S. Masson,Eloisa Toffano S. Masson,,1,1,,False
E. Mello,Elton Mello,manual,1,1,0,False
Eltoni Guimarães,Eltoni Guimarães,,1,1,,False
Elías Roa,Elías Roa,,1,1,,False
Emanuel Santos,Emanuel Santos,,3,1,,False
Emeli Braosi,Emeli Braosi,,1,1,,False
Emilia Rinland,Emilia Rinland,,1,1,,False
Emiliano Sansone,Emiliano Sansone,,1,1,,False
Emilio Spinicci,Emilio Spinicci,,1,1,,False
Emílio Insfrán Pelozo,Emílio Insfrán Pelozo,,1,2,,False
Emilio Insfrán Pelozo,Emílio Insfrán Pelozo,same_key,1,2,0,False
Enric Mayol,Enric Mayol,,1,1,,False
Enyo Gonçalves,Enyo Gonçalves,,5,2,,False
Enyo José Tavares Gonçalves,Enyo Gonçalves,manual,1,2,0,False
Enzo Giandon,Enzo Giandon,,1,1,,False
Eric Yu,Eric Yu,,3,2,,False
Eric S.K. Yu,Eric Yu,manual,1,2,0,False
Erica Esteves,Erica Esteves,,1,1,,False
Erica Miranda,Erica Miranda,,2,1,,False
Erik B. Silva,Erik B. Silva,,1,1,,False
Ernani Gaspar Santos,Ernani Gaspar Santos,,1,1,,False
Ernesto Fonseca Veiga,Ernesto Fonseca Veiga,,2,2,,False
Ernesto F. Veiga,Ernesto Fonseca Veiga,subset,1,2,2,False
Eusebi Calonge,Eusebi Calonge,,1,1,,False
Ewelton Y. C. Yoshidome,Ewelton Y. C. Yoshidome,,1,2,,False
Ewelton Yoshidome,Ewelton Y. C. Yoshidome,subset,1,2,1,False
Ewerton David Brito de Jesus,Ewerton David Brito de Jesus,,1,1,,False
Ezequiel Kahan,Ezequiel Kahan,,1,1,,False
Ezequiel Robledo,Ezequiel Robledo,,1,1,,False
F.J. Garcia,F.J. Garcia,,1,1,,False
F.R.S. Paim,F.R.S. Paim,,1,1,,False
Fabiane Barreto Vavassori Benitti,Fabiane Barreto Vavassori Benitti,,2,1,,False
Fabiano Alves da Silva,Fabiano Alves da Silva,,1,1,,False
Fabio Penha,Fabio Penha,,1,1,,False
Fabricio Lozada,Fabricio Lozada,,1,1,,False
Fabrizio Farias,Fabrizio Farias,,1,1,,False
Fabrízia M. de Sousa,Fabrízia M. de Sousa,,1,1,,False
Fadil Alturki,Fadil Alturki,,1,1,,False
Faheem Ahmed,Faheem Ahmed,,1,1,,False
Faranak Farzad,Faranak Farzad,,1,1,,False
Federico Cristina,Federico Cristina,,2,1,,False
Federico Pellegrino,Federico Pellegrino,,1,1,,False
Felicidad Ramos,Felicidad Ramos,,1,1,,False
Felipe Brito Ayres,Felipe Brito Ayres,,1,1,,False
Felipe Dias,Felipe Dias,,1,1,,False
Felipe Dioguardi,Felipe Dioguardi,,1,1,,False
Felipe Távora Pereira,Felipe Távora Pereira,,1,1,,False
Felipe dos Santos Rocha,Felipe dos Santos Rocha,,1,1,,False
Fernanda Alencar,Fernanda Alencar,,27,5,,False
Fernanda M. R. de Alencar,Fernanda Alencar,subset,4,5,1,False
Fernanda M. R. Alencar,Fernanda Alencar,subset,3,5,2,False
Fernanda Maria Ribeiro de Alencar,Fernanda Alencar,manual,1,5,0,False
F.M.R. Alencar,Fernanda Alencar,initials,1,5,2,False
Fernanda Baião,Fernanda Baião,,1,1,,False
Fernanda T. Novo,Fernanda T. Novo,,1,1,,False
Fernando J. Danyans,Fernando J. Danyans,,1,1,,False
Fernando Lins,Fernando Lins,,1,1,,False
Fernando R. C. Silva,Fernando R. C. Silva,,1,1,,False
Fernando Wanderley,Fernando Wanderley,,1,1,,False
Fernando de A. Guimarães,Fernando de A. Guimarães,,1,1,,False
Fernão Stella R. Germano,Fernão Stella R. Germano,,1,1,,False
Fiama S. Santos,Fiama S. Santos,,1,1,,False
Filipe A. Garrido,Filipe A. Garrido,,1,1,,False
Fillipe Napolitano,Fillipe Napolitano,,1,1,,False
Flavia Belintani Blum Haddad,Flavia Belintani Blum Haddad,,1,1,,False
Flavio Henrique Mendonca,Flavio Henrique Mendonca,,1,2,,False
Flávio Henrique Mendonça,Flavio Henrique Mendonca,same_key,1,2,2,False
Flávio Pereira Pedroza,Flávio Pereira Pedroza,,1,2,,False
Flávio Pedroza,Flávio Pereira Pedroza,subset,1,2,2,False
Flávio Ricardo Carpena,Flávio Ricardo Carpena,,1,1,,False
Franciane Alves,Franciane Alves,,1,1,,False
Francisco A. C. Pinheiro,Francisco A. C. Pinheiro,,3,2,,False
F.A.C. Pinheiro,Francisco A. C. Pinheiro,manual,1,2,0,False
Francisco Milton Mendes Neto,Francisco Milton Mendes Neto,,1,1,,False
Fábio Avigo de Castro Pinto,Fábio Avigo de Castro Pinto,,2,1,,False
Fábio Basso,Fábio Basso,,1,1,,False
Fábio Francisco de Carvalho Caballero,Fábio Francisco de Carvalho Caballero,,1,1,,False
Fábio Levy Siqueira,Fábio Levy Siqueira,,4,2,,False
Fabio Levy Siqueira,Fábio Levy Siqueira,same_key,1,2,0,False
Fábio Lúcio Lopes de Mendonça,Fábio Lúcio Lopes de Mendonça,,1,1,,False
G.S. Rangel,G.S. Rangel,,1,1,,False
Gabriel Girardi da Costa,Gabriel Girardi da Costa,,1,1,,False
Gabriel Viana Teixeira,Gabriel Viana Teixeira,,1,1,,False
Gabriela Guedes,Gabriela Guedes,,3,1,,False
Gabriela N. Aranda,Gabriela N. Aranda,,2,1,,False
Gabriela Perez,Gabriela Perez,,4,2,,False
Gabriela Pérez,Gabriela Perez,same_key,2,2,2,False
Gabriela Trindade,Gabriela Trindade,,1,1,,False
Gabriella Castro Barbosa Costa Dalpra,Gabriella Castro Barbosa Costa Dalpra,,1,1,,False
Galo Cornejo-Gómez,Galo Cornejo-Gómez,,1,1,,False
Gemma Grau,Gemma Grau,,2,1,,False
Genildo Gomes,Genildo Gomes,,1,1,,False
Genésio Gomes da Cruz Neto,Genésio Gomes da Cruz Neto,,1,2,,False
Genésio Cruz Neto,Genésio Gomes da Cruz Neto,subset,1,2,1,False
George Marsicano Corrêa,George Marsicano Corrêa,,1,1,,False
George Valença,George Valença,,2,1,,False
Geovana Ramos Sousa Silva,Geovana Ramos Sousa Silva,,1,1,,False
Geovanny Raura,Geovanny Raura,,1,1,,False
Geraldo Gabriel Crelier dos Santos,Geraldo Gabriel Crelier dos Santos,,1,1,,False
German Ruiz,German Ruiz,,1,1,,False
Geórgia Maria C. de Sousa,Geórgia Maria C. de Sousa,,1,1,,False
Giancarlo Guizzardi,Giancarlo Guizzardi,,2,1,,False
Gilberto Amado de Azevedo Cysneiros Filho,Gilberto Amado de Azevedo Cysneiros Filho,,1,3,,False
Gilberto Cysneiros,Gilberto Amado de Azevedo Cysneiros Filho,subset,1,3,2,False
G.A.A. Cysneiros Filho,Gilberto Amado de Azevedo Cysneiros Filho,initials,1,3,2,False
Gilleanes Thorwald Araujo Guedes,Gilleanes Thorwald Araujo Guedes,,1,1,,False
Gilton J. F. Silva,Gilton J. F. Silva,,1,1,,False
Giovana Brandão Ribeiro Linhares,Giovana Brandão Ribeiro Linhares,,1,1,,False
Gisele Morgado,Gisele Morgado,,1,1,,False
Giuliana Maltempo,Giuliana Maltempo,,3,1,,False
Gladys N. Kaplan,Gladys N. Kaplan,,3,3,,False
Gladys Kaplan,Gladys N. Kaplan,subset,3,3,3,False
G.N. Kaplan,Gladys N. Kaplan,initials,1,3,2,False
Glauber Henrique Camelo Batista,Glauber Henrique Camelo Batista,,1,1,,False
Gleison Santos,Gleison Santos,,1,1,,False
Graciela D.S. Hadad,Graciela D.S. Hadad,,5,6,,False
Graciela D. S. Hadad,Graciela D.S. Hadad,subset,4,6,4,False
Graciela Hadad,Graciela D.S. Hadad,subset,3,6,4,False
Graciela Dora Susana Hadad,Graciela D.S. Hadad,subset,2,6,3,False
Graciela D. Hadad,Graciela D.S. Hadad,subset,1,6,1,False
G.D.S. Hadad,Graciela D.S. Hadad,initials,1,6,2,False
Gregorio Maclen,Gregorio Maclen,,2,1,,False
Gregorio Ponce,Gregorio Ponce,,1,1,,False
Grijalva-Arriaga Paola,Grijalva-Arriaga Paola,,1,1,,False
Guillermo Rodriguez,Guillermo Rodriguez,,1,2,,False
Guillermo Rodríguez,Guillermo Rodriguez,same_key,1,2,0,False
Gunter Mussbacher,Gunter Mussbacher,,1,1,,False
Gustavo Cesar Lopes Geraldino,Gustavo Cesar Lopes Geraldino,,2,1,,False
Gustavo D. Gila,Gustavo D. Gila,,1,1,,False
Gustavo López,Gustavo López,,1,1,,False
Gustavo Rossi,Gustavo Rossi,,7,1,,False
Gustavo Silva,Gustavo Silva,,1,1,,False
H.C.A.B. Tavares,H.C.A.B. Tavares,,1,1,,False
Hamilton G. P. Hitzschky,Hamilton G. P. Hitzschky,,1,1,,False
Henrique Prado de Sá Sousa,Henrique Prado de Sá Sousa,,7,3,,False
Henrique Prado Sousa,Henrique Prado de Sá Sousa,subset,4,3,3,False
Henrique P. Sousa,Henrique Prado de Sá Sousa,manual,2,1,5,False
Henrique de Sá Sousa,Henrique Prado de Sá Sousa,manual,1,3,3,False
Henrique S. P. Sousa,Henrique Prado de Sá Sousa,manual,1,1,3,False
Henrique Sousa,Henrique Prado de Sá Sousa,manual,0,1,0,False
Herberth Reinstein,Herberth Reinstein,,1,1,,False
Herbet de Souza Cunha,Herbet de Souza Cunha,,1,2,,False
Herbet Cunha,Herbet de Souza Cunha,subset,1,2,1,False
Hermano Moura,Hermano Moura,,1,1,,False
Hermano Peixoto de Oliveira Jr,Hermano Peixoto de Oliveira Jr,,1,1,,False
Hernan Astudillo,Hernan Astudillo,,2,1,,False
Heuller Aloys Carneiro Procópio,Heuller Aloys Carneiro Procópio,,1,1,,False
Heyde Francielle do Carmo França,Heyde Francielle do Carmo França,,1,1,,False
Hidelberg Albuquerque,Hidelberg Albuquerque,,1,1,,False
Higor Monteiro,Higor Monteiro,,1,1,,False
Hironori Washizaki,Hironori Washizaki,,1,1,,False
Hugo Estrada,Hugo Estrada,,4,2,,False
H. Estrada,Hugo Estrada,initials,1,2,2,False
Hugo Villamizar,Hugo Villamizar,,1,1,,False
Hélio Lopes,Hélio Lopes,,1,1,,False
I.D. López,I.D. López,,1,1,,False
Iago Interaminense Gomes,Iago Interaminense Gomes,,1,1,,False
Idemauro A. R. Lara,Idemauro A. R. Lara,,1,1,,False
Igor Couto,Igor Couto,,1,1,,False
Ilca Webster,Ilca Webster,,2,1,,False
Ilueny Santos,Ilueny Santos,,2,1,,False
Ing. Daimara Mustelier Sanchidrian,Ing. Daimara Mustelier Sanchidrian,,1,1,,False
Ing. Karel Fernandez Cedeño,Ing. Karel Fernandez Cedeño,,1,1,,False
Isabel Díaz,Isabel Díaz,,1,1,,False
Isabel Nunes,Isabel Nunes,,1,1,,False
Isabel Sofia Brito,Isabel Sofia Brito,,2,1,,False
Isabel Villanueva,Isabel Villanueva,,1,1,,False
Isabelle Brilhante,Isabelle Brilhante,,1,1,,False
Isaque Copque,Isaque Copque,,1,1,,False
Isidro Ramos,Isidro Ramos,,1,1,,False
Ismayle S. Santos,Ismayle S. Santos,,1,1,,False
Ismayle Santos,Ismayle Santos,,1,1,,False
Ivan D'uva,Ivan D'uva,,1,1,,False
Ivonei Freitas da Silva,Ivonei Freitas da Silva,,3,3,,False
Ivonei Freitas Da Silva,Ivonei Freitas da Silva,same_key,1,3,2,False
Ivonei F. da Silva,Ivonei Freitas da Silva,subset,1,3,3,False
J. Belenguer,J. Belenguer,,1,1,,False
J.M. Murillo,J.M. Murillo,,1,1,,False
Jacqueline Abreu do N. T. Rodrigues,Jacqueline Abreu do N. T. Rodrigues,,1,1,,False
Jaelson Castro,Jaelson Castro,,45,7,,False
Jaelson F. B. Castro,Jaelson Castro,subset,11,7,5,False
J.F.B. Castro,Jaelson Castro,initials,5,7,4,False
Jaelson Brelaz de Castro,Jaelson Castro,subset,2,7,1,False
Jaelson Brelaz Castro,Jaelson Castro,subset,2,7,3,False
Jaelson F.B. Castro,Jaelson Castro,subset,1,7,1,False
J. Castro,Jaelson Castro,initials,1,7,2,False
Jaime Cazuhiro Ossada,Jaime Cazuhiro Ossada,,2,1,,False
Jaime de Melo Sabát Neto,Jaime de Melo Sabát Neto,,1,1,,False
Janaína dos Reis Lopes,Janaína dos Reis Lopes,,1,1,,False
Jaqueline de Souza Moura,Jaqueline de Souza Moura,,1,1,,False
Jarbele C. S. Coutinho,Jarbele C. S. Coutinho,,1,1,,False
Jarbele Coutinho,Jarbele Coutinho,,1,1,,False
Javier Jaén,Javier Jaén,,1,1,,False
Javier Orozco,Javier Orozco,,1,1,,False
Javier Ortiz,Javier Ortiz,,1,1,,False
Jean C. S. Rosa,Jean C. S. Rosa,,2,1,,False
Jean Carlos Bellio,Jean Carlos Bellio,,1,1,,False
Joan Fons,Joan Fons,,1,1,,False
Joanna Pivatelli,Joanna Pivatelli,,1,1,,False
Joaquina Nogueira,Joaquina Nogueira,,1,1,,False
Jobson Luiz Massollar da Silva,Jobson Luiz Massollar da Silva,,1,1,,False
John D. Mcgregor,John D. Mcgregor,,1,1,,False
John Mylopoulos,John Mylopoulos,,1,1,,False
Johnny Cardoso Marques,Johnny Cardoso Marques,,5,2,,False
Johnny Marques,Johnny Cardoso Marques,manual,1,2,0,False
Jokin Arizmendi,Jokin Arizmendi,,1,1,,False
Jon G. Hall,Jon G. Hall,,1,1,,False
Jonathan Delgado Guerrero,Jonathan Delgado Guerrero,,1,1,,False
Jonathan H. J. Souza,Jonathan H. J. Souza,,1,1,,False
Jorge Doorn,Jorge Doorn,,8,6,,False
Jorge H. Doorn,Jorge Doorn,subset,6,6,4,False
Jorge Horacio Doorn,Jorge Doorn,subset,2,6,3,False
Jorge H Doorn,Jorge Doorn,subset,1,6,1,False
J.H. Doorn,Jorge Doorn,initials,1,6,2,False
J. Doorn,Jorge Doorn,initials,1,6,1,False
Jorge Ezequiel Moyano,Jorge Ezequiel Moyano,,1,1,,False
Jorge Fossati,Jorge Fossati,,1,1,,False
Jorge Hochstetter-Diez,Jorge Hochstetter-Diez,,1,1,,False
Jorge Luis N. Audy,Jorge Luis N. Audy,,2,2,,False
Jorge Luis Nicolas Audy,Jorge Luis N. Audy,manual,1,2,0,False
Jorge Luiz Nicolas Audy,Jorge Luiz Nicolas Audy,,2,1,,False
Jorge M. Montagna,Jorge M. Montagna,,1,1,,False
Jorge Marchetti,Jorge Marchetti,,1,1,,False
Jose Augusto Fabri,Jose Augusto Fabri,,2,1,,False
Jose Carlos Duarte,Jose Carlos Duarte,,1,1,,False
Jose Luis De la Vara González,Jose Luis De la Vara González,,1,4,,False
José Luís De la Vara González,Jose Luis De la Vara González,same_key,1,4,1,False
Jose Luis de la Vara,Jose Luis De la Vara González,surname_not_last,1,4,1,False
Jose Luis de La Vara,Jose Luis De la Vara González,surname_not_last,1,4,1,False
Jose Vinicius Vieira Lima,Jose Vinicius Vieira Lima,,1,2,,False
José Vinícius Vieira Lima,Jose Vinicius Vieira Lima,same_key,1,2,1,False
Joselaine Valaski,Joselaine Valaski,,1,1,,False
Josenildo Melo,Josenildo Melo,,1,1,,False
Joseph Yoder,Joseph Yoder,,1,1,,False
José A. Romero,José A. Romero,,1,1,,False
José Antônio Macêdo,José Antônio Macêdo,,1,1,,False
José Carlos Maldonado,José Carlos Maldonado,,2,1,,False
José Eduardo Fernandes,José Eduardo Fernandes,,1,1,,False
José F. Guilhermino da Silva,José F. Guilhermino da Silva,,1,1,,False
José Gallardo Arancibia,José Gallardo Arancibia,,1,1,,False
José Gonçalves Pereira Filho,José Gonçalves Pereira Filho,,1,1,,False
José H. Canós,José H. Canós,,2,1,,False
José Henrique de Melo Cardoso,José Henrique de Melo Cardoso,,1,1,,False
José Inácio De Grande,José Inácio De Grande,,1,1,,False
José Júnior,José Júnior,,1,1,,False
José Luis Braga,José Luis Braga,,5,1,,False
José Mauro V. de Castilho,José Mauro V. de Castilho,,1,1,,False
José Vasconcelos,José Vasconcelos,,1,1,,False
Joxeja Oiarbide,Joxeja Oiarbide,,1,1,,False
Joás Weslei Baía,Joás Weslei Baía,,1,2,,False
Joas Baia,Joás Weslei Baía,subset,1,2,1,False
João Araújo,João Araújo,,7,3,,False
João Araujo,João Araújo,subset,1,3,1,False
João Azevedo,João Azevedo,,1,1,,False
João Batista Camargo Jr.,João Batista Camargo Jr.,,1,1,,False
João Bosco Pinto Filho,João Bosco Pinto Filho,,1,1,,False
João Caldas Júnior,João Caldas Júnior,,1,1,,False
João Epifânio,João Epifânio,,1,1,,False
João Lucas Vasconcelos,João Lucas Vasconcelos,,1,1,,False
João Marcos de Mattos Barguil,João Marcos de Mattos Barguil,,1,1,,False
João Pablo Silva da Silva,João Pablo Silva da Silva,,1,1,,False
João Pimentel,João Pimentel,,10,2,,False
Joao Henrique Pimentel,João Pimentel,subset,1,2,2,False
João Victor R. Araújo,João Victor R. Araújo,manual,1,3,,False
Juan Escudero,Juan Escudero,,1,1,,False
Juan Ignacio Glassman,Juan Ignacio Glassman,,1,1,,False
Juan Ignacio Torres,Juan Ignacio Torres,,1,1,,False
Juan Jose Fons,Juan Jose Fons,,1,1,,False
Juan Pablo Carvallo,Juan Pablo Carvallo,,4,3,,False
Juan P. Carvallo,Juan Pablo Carvallo,subset,1,3,3,False
J.P. Carvallo,Juan Pablo Carvallo,initials,1,3,3,False
Juan Pablo Mighetti,Juan Pablo Mighetti,,1,1,,False
Juan Sánchez,Juan Sánchez Díaz,manual,5,5,1,False
Juan Sánchez Díaz,Juan Sánchez Díaz,manual,3,5,,False
Juan Sánchez Diaz,Juan Sánchez Díaz,manual,1,5,0,False
J. Sanchez,Juan Sánchez Díaz,manual,1,5,1,False
J. Sánchez,Juan Sánchez Díaz,manual,1,5,0,False
Judith Kelner,Judith Kelner,,1,1,,False
Juliana Amaral,Juliana Amaral,,2,1,,False
Juliana Carvalho Silva do Outão,Juliana Carvalho Silva do Outão,,1,1,,False
Juliana Cesar Sirena Machado,Juliana Cesar Sirena Machado,,1,1,,False
Juliana Conceição,Juliana Conceição,,1,1,,False
Juliana Delle Ville,Juliana Delle Ville,,4,2,,False
Juliana Ailen Delle Ville,Juliana Delle Ville,subset,1,2,2,False
Juliana Mattei,Juliana Mattei,,1,1,,False
Julie Rasmussen,Julie Rasmussen,,1,1,,False
Julieta Screpnik,Julieta Screpnik,,1,1,,False
Julio Cesar Sampaio do Prado Leite,Julio Cesar Sampaio do Prado Leite,,42,8,,False
Julio Cesar Leite,Julio Cesar Sampaio do Prado Leite,subset,4,8,4,False
Julio C. S. P. Leite,Julio Cesar Sampaio do Prado Leite,subset,3,8,6,False
Julio César Sampaio do Prado Leite,Julio Cesar Sampaio do Prado Leite,same_key,2,8,3,False
Julio Cesar S. P. Leite,Julio Cesar Sampaio do Prado Leite,subset,2,8,2,False
Julio Leite,Julio Cesar Sampaio do Prado Leite,subset,2,8,4,False
Julio Sampaio do Prado Leite,Julio Cesar Sampaio do Prado Leite,subset,1,8,2,False
Julio Cesar S. do P. Leite,Julio Cesar Sampaio do Prado Leite,subset,1,8,4,False
Jullia Saad,Jullia Saad,,1,1,,False
Jéssyka Vilela,Jéssyka Vilela,,8,2,,False
Jessyka Vilela,Jéssyka Vilela,same_key,1,2,1,False
Júlia Luiza Conceição,Júlia Luiza Conceição,,1,1,,False
Júlio Hartmann,Júlio Hartmann,,1,1,,False
Karin Koogan Breitman,Karin Koogan Breitman,,3,2,,False
Karin Breitman,Karin Koogan Breitman,subset,1,2,2,False
Karina Casola,Karina Casola,,1,1,,False
Karina Pérez Teruel,Karina Pérez Teruel,,1,1,,False
Karla Donato Fook,Karla Donato Fook,,1,1,,False
Karlla Loane Santos Lima,Karlla Loane Santos Lima,,1,1,,False
Karolyne Oliveira,Karolyne Oliveira,,1,1,,False
Katia Romero Felizardo,Katia Romero Felizardo,,1,1,,False
Kauan Campos,Kauan Campos,,1,1,,False
Keldjan Alves,Keldjan Alves,,2,1,,False
Keyla Silva,Keyla Silva,,1,1,,False
Kiane Mabel Rezende,Kiane Mabel Rezende,,1,2,,False
Kiane M. Rezende,Kiane Mabel Rezende,subset,1,2,2,False
Kiev Gama,Kiev Gama,,1,1,,False
Klaas Sikkel,Klaas Sikkel,,1,1,,False
Kleoson B. C. Santos,Kleoson B. C. Santos,,1,1,,False
Kádna Camboim,Kádna Camboim,,1,1,,False
L.A. Martins,L.A. Martins,manual,1,2,,False
Larissa Barbosa,Larissa Barbosa,,1,1,,False
Larissa Pereira Gonçalves,Larissa Pereira Gonçalves,,2,1,,False
Larissa Pinheiro,Larissa Pinheiro,,1,1,,False
Larissa Rodrigues da Costa,Larissa Rodrigues da Costa,,2,1,,False
Larissa Santos Saraiva,Larissa Santos Saraiva,,1,1,,False
Larissa de Alencar Sobral,Larissa de Alencar Sobral,,1,1,,False
Laura Petersen,Laura Petersen,,1,1,,False
Laura Rivero,Laura Rivero,,2,1,,False
Laura Sarkis,Laura Sarkis,,1,1,,False
Laura Tosselli,Laura Tosselli,,1,1,,False
Lauriane Correa,Lauriane Correa,,1,1,,False
Laís Xavier,Laís Xavier,,1,1,,False
Leandro Antonelli,Leandro Antonelli,,35,2,,False
L. Antonelli,Leandro Antonelli,initials,1,2,1,False
Leandro Buss Becker,Leandro Buss Becker,,1,1,,False
Leandro T. Lopes,Leandro T. Lopes,,2,2,,False
Leandro Lopes,Leandro T. Lopes,manual,1,2,0,False
Leo Ordinez,Leo Ordinez,,2,1,,False
Leonardo Barcelos,Leonardo Barcelos,,1,1,,False
Leonardo C. Marques,Leonardo C. Marques,,1,2,,False
Leonardo Marques,Leonardo C. Marques,subset,1,2,1,False
Leonardo Fonseca de Carvalho,Leonardo Fonseca de Carvalho,,1,2,,False
Leonardo Carvalho,Leonardo Fonseca de Carvalho,subset,1,2,1,False
Leonardo Lucena,Leonardo Lucena,,1,1,,False
Leonardo Morales,Leonardo Morales,,1,1,,False
Leonardo Pereira Merlin,Leonardo Pereira Merlin,,1,1,,False
Letizia Ballestero,Letizia Ballestero,,1,1,,False
Letícia Fonseca,Letícia Fonseca,,1,1,,False
Letícia Lima,Letícia Lima,,1,1,,False
Letícia Passos,Letícia Passos,,1,1,,False
Liam Peyton,Liam Peyton,,1,1,,False
Lidia López,Lidia López,,1,1,,False
Lilian A. Bertini,Lilian A. Bertini,,1,1,,False
Lilian Ramires,Lilian Ramires,,1,1,,False
Lis Ângela De Bortoli,Lis Ângela De Bortoli,,1,1,,False
Lisane de Brisolara,Lisane de Brisolara,,1,1,,False
Liziane S. Soares,Liziane S. Soares,,1,1,,False
Luana Souza,Luana Souza,,2,1,,False
Lucas Bueno Ruas Oliveira,Lucas Bueno Ruas Oliveira,,1,1,,False
Lucas D’amaral Pires,Lucas D’amaral Pires,,1,1,,False
Lucas Florêncio de Brito,Lucas Florêncio de Brito,,1,1,,False
Lucas Gonçalves Cunha,Lucas Gonçalves Cunha,,1,1,,False
Lucas Hanauer,Lucas Hanauer,,1,1,,False
Lucas Viana,Lucas Viana,,1,1,,False
Lucas da Silva Souza,Lucas da Silva Souza,,1,1,,False
Lucia R. D. Bastos,Lucia R. D. Bastos,,1,2,,False
Lúcia R. D. Bastos,Lucia R. D. Bastos,same_key,1,2,1,False
Lucia Rapanotti,Lucia Rapanotti,,1,1,,False
Luciana A. M. Zaina,Luciana A. M. Zaina,,2,2,,False
Luciana Zaina,Luciana A. M. Zaina,subset,1,2,1,False
Luciana Ballejos,Luciana Ballejos,,3,2,,False
Luciana C. Ballejos,Luciana Ballejos,manual,1,2,0,False
Luciana Neves Bentes,Luciana Neves Bentes,,1,1,,False
Luciana Pereira Simões,Luciana Pereira Simões,,1,1,,False
Luciana Tanevitch,Luciana Tanevitch,,2,1,,False
Luciana de Oliveira,Luciana de Oliveira,,1,1,,False
Luciana de Paiva Silva,Luciana de Paiva Silva,,1,1,,False
Luis A. Gama,Luis A. Gama,,1,1,,False
Luis Delgado,Luis Delgado,,1,1,,False
Luis H. Garcia Paucar,Luis H. Garcia Paucar,,1,1,,False
Luis Iribarne,Luis Iribarne,,1,1,,False
Luisa Mich,Luisa Mich,,1,1,,False
Luiz Alexandre Martins da Costa,Luiz Alexandre Martins da Costa,,1,2,,False
Luiz Dias,Luiz Dias,,1,1,,False
Luiz Eduardo Galvão Martins,Luiz Eduardo Galvão Martins,,10,3,,False
Luiz Eduardo G. Martins,Luiz Eduardo Galvão Martins,subset,3,3,1,False
L.E.G. Martins,Luiz Eduardo Galvão Martins,manual,1,3,0,False
Luiz Fernando Capretz,Luiz Fernando Capretz,,1,1,,False
Luiz Gustavo Ferreira Aguiar,Luiz Gustavo Ferreira Aguiar,,2,1,,False
Luiz Marcio Cysneiros,Luiz Marcio Cysneiros,,13,3,,False
Luiz Márcio Cysneiros,Luiz Marcio Cysneiros,same_key,1,3,1,False
L. M. Cysneiros,Luiz Marcio Cysneiros,initials,1,3,1,False
Luiza Lira,Luiza Lira,,1,1,,False
Luzardo P. Silva,Luzardo P. Silva,,1,1,,False
Luísa Caetano Correia,Luísa Caetano Correia,,1,1,,False
Lyrene Fernandes da Silva,Lyrene Fernandes da Silva,,4,3,,False
Lyrene F. Silva,Lyrene Fernandes da Silva,subset,3,3,2,False
Lyrene Silva,Lyrene Fernandes da Silva,subset,3,3,2,False
Lívia Mancine,Lívia Mancine,,2,1,,False
M. Burbano,M. Burbano,,1,1,,False
M. Elena Centeno,M. Elena Centeno,,1,1,,False
M. Griselda Báez,M. Griselda Báez,,1,1,,False
M. Kassab,M. Kassab,,1,1,,False
M. L. Ponisio,M. L. Ponisio,,1,1,,False
M. Sánchez-Alonso,M. Sánchez-Alonso,,1,1,,False
Ma. Carolina Sacoto,Ma. Carolina Sacoto,,1,1,,False
Ma. Laura Caliusco,Ma. Laura Caliusco,,1,1,,False
Mabel Bertolami,Mabel Bertolami,,4,1,,False
Maikel Yelandi Leyva Vásquez,Maikel Yelandi Leyva Vásquez,,1,1,,False
Manoel Mendonça,Manoel Mendonça,,2,1,,False
Marc Marinho de Alcântara,Marc Marinho de Alcântara,,1,1,,False
Marcela Genero,Marcela Genero,,1,1,,False
Marcela Ridao,Marcela Ridao,,7,3,,False
Marcela N. Ridao,Marcela Ridao,subset,1,3,2,False
M. Ridao,Marcela Ridao,initials,1,3,1,False
Marcela Ruiz,Marcela Ruiz,,2,1,,False
Marcelio D’oliveira Leal,Marcelio D’oliveira Leal,,1,2,,False
Marcelio Leal,Marcelio D’oliveira Leal,subset,1,2,1,False
Marcelo Augusto Silva Belisário,Marcelo Augusto Silva Belisário,,1,1,,False
Marcelo Marinho,Marcelo Marinho,,1,1,,False
Marcia C. F. Carvalho,Marcia C. F. Carvalho,,1,1,,False
Marcia Lucena,Marcia Lucena,,10,2,,False
Márcia Lucena,Marcia Lucena,same_key,2,2,4,False
Marcio Veronez,Marcio Veronez,,2,1,,False
Marco Antonio Damo,Marco Antonio Damo,,1,1,,False
Marco A. Toranzo Céspedes,Marco Toranzo,manual,1,2,0,False
M. Toranzo,Marco Toranzo,manual,1,2,0,False
Marcos Accioly,Marcos Accioly,,1,1,,False
Marcos Alexandre dos Anjos,Marcos Alexandre dos Anjos,,1,1,,False
Marcos Antonio de Oliveira,Marcos Antonio de Oliveira,,1,1,,False
Marcos Danilo Martins,Marcos Danilo Martins,,1,1,,False
Marcos Drach,Marcos Drach,,1,1,,False
Marcos Kalinowski,Marcos Kalinowski,,3,1,,False
Marcos Lordello Chaim,Marcos Lordello Chaim,,1,1,,False
Marcos Paiva,Marcos Paiva,,1,1,,False
Marcos R. S. Borges,Marcos R. S. Borges,,1,1,,False
Maria Augusta Nascimento de Moura,Maria Augusta Nascimento de Moura,,1,1,,False
Maria Carmen Penadés,Maria Carmen Penadés,,1,1,,False
Maria Gois,Maria Gois,,1,1,,False
Maria I. Montebelo,Maria I. Montebelo,,1,1,,False
Maria Istela Cagnin,Maria Istela Cagnin,,2,1,,False
Maria Júlia Marques Schettini,Maria Júlia Marques Schettini,,1,1,,False
Maria Lencastre,Maria Lencastre,,25,1,,False
Maria Victoria Fiori,Maria Victoria Fiori,,1,1,,False
Maria Wanick Sarinho,Maria Wanick Sarinho,,1,1,,False
Maria Yêda Lima,Maria Yêda Lima,,1,1,,False
Mariana Crisostomo Martins,Mariana Crisostomo Martins,,2,2,,False
Mariana Martins,Mariana Crisostomo Martins,subset,1,2,2,False
Mariana Peixoto,Mariana Peixoto,,4,2,,False
Mariana Maia Peixoto,Mariana Peixoto,subset,1,2,1,False
Mariana Salamoni Francisco,Mariana Salamoni Francisco,,1,1,,False
Mariana del Fresno,Mariana del Fresno,,2,1,,False
Mariel Ale,Mariel Ale,,2,1,,False
Mariela Haya,Mariela Haya,,1,1,,False
Marina Reis Fernandes,Marina Reis Fernandes,,1,1,,False
Mario Jino,Mario Jino,,1,1,,False
Mario Piattini,Mario Piattini,,3,1,,False
Marisa Gomez,Marisa Gomez,,1,1,,False
Marisa Panizzi,Marisa Panizzi,,1,1,,False
Mark Douglas,Mark Douglas,,1,1,,False
Markus Mannio,Markus Mannio,,1,1,,False
Marta Lopez,Marta Lopez,,1,2,,False
Marta López,Marta Lopez,same_key,1,2,1,False
Martina Hübler,Martina Hübler,,1,1,,False
María Alejandra Paz Menvielle,María Alejandra Paz Menvielle,,1,1,,False
María Carmen Leonardi,María Carmen Leonardi,,3,3,,False
Maria Carmen Leonardi,María Carmen Leonardi,same_key,2,3,1,False
Carmen Leonardi,María Carmen Leonardi,first_name_omitted,1,3,2,False
María Cecilia Bastarrica,María Cecilia Bastarrica,,1,1,,False
María Celia Elizalde,María Celia Elizalde,,2,1,,False
María Guadalupe Gramajo,María Guadalupe Gramajo,,1,1,,False
María Laura Achetta,María Laura Achetta,,1,1,,False
Mateus E. Andrade,Mateus E. Andrade,,1,1,,False
Matias Adorno,Matias Adorno,,1,1,,False
Matías L. Mastropietro,Matías L. Mastropietro,,1,1,,False
Mauricio Barros Ottoni,Mauricio Barros Ottoni,,2,1,,False
Mauricio Rodríguez Ricon,Mauricio Rodríguez Ricon,,1,1,,False
Mauricio Ronny,Mauricio Ronny,,1,1,,False
Mauro Brischke,Mauro Brischke,,1,1,,False
Maurício Manoel Coelho Júnior,Maurício Manoel Coelho Júnior,,1,1,,False
Maurício R. de A. Souza,Maurício R. de A. Souza,,1,1,,False
Maurício Serrano,Maurício Serrano,,1,1,,False
Maximiliano Cortés-Leiva,Maximiliano Cortés-Leiva,,1,1,,False
Maya Daneva,Maya Daneva,,3,2,,False
M. Daneva,Maya Daneva,initials,1,2,1,False
Mayara Figueiredo,Mayara Figueiredo,,1,1,,False
Maíra Medeiros,Maíra Medeiros,,1,1,,False
Melina Soares,Melina Soares,,1,1,,False
Mercedes Soria,Mercedes Soria,,1,1,,False
Michael Felderer,Michael Felderer,,1,1,,False
Michael Hartley,Michael Hartley,,1,1,,False
Michel Heluey Fortuna,Michel Heluey Fortuna,,1,1,,False
Miguel A. Laguna,Miguel A. Laguna,,3,2,,False
M.A. Laguna,Miguel A. Laguna,manual,1,2,0,False
Miguel Romero,Miguel Romero,,1,1,,False
M. Toro Bonilla,Miguel Toro,surname_not_last,2,3,4,False
Miguel Toro,Miguel Toro,,2,3,,False
M. Toro,Miguel Toro,surname_not_last,1,3,3,False
Milena Rota Sena Marques,Milena Rota Sena Marques,,1,1,,False
Milene Serrano,Milene Serrano,,1,1,,False
Ming Zhang,Ming Zhang,,1,1,,False
Miriam Ellen de Freitas,Miriam Ellen de Freitas,,1,1,,False
Miriam Pinto,Miriam Pinto,,1,1,,False
Miriam Sayão,Miriam Sayão,,2,1,,False
Moises Barbosa,Moises Barbosa,,1,1,,False
Moisés Neves,Moisés Neves,,1,1,,False
Monica Iovan,Monica Iovan,,1,1,,False
Moniky Ribeiro,Moniky Ribeiro,,4,1,,False
Monique Soares,Monique Soares,,3,1,,False
Montse Ereño Incera,Montse Ereño Incera,,1,1,,False
Mozart de Melo Alves Júnior,Mozart de Melo Alves Júnior,,2,3,,False
Mozart Melo,Mozart de Melo Alves Júnior,surname_not_last,1,3,1,False
Mozart Alves-Júnior,Mozart de Melo Alves Júnior,subset,1,3,1,False
Murilo Arouca,Murilo Arouca,,1,1,,False
Márcia Hortência Fonseca Ribeiro Nardes Maciel,Márcia Hortência Fonseca Ribeiro Nardes Maciel,,1,1,,False
Márcia Santos,Márcia Santos,,1,1,,False
Márcia Seabra Cabral,Márcia Seabra Cabral,,1,1,,False
Mônica Bandeira,Mônica Bandeira,,1,1,,False
Mônica Zopelari Roseti,Mônica Zopelari Roseti,,1,1,,False
Nadzeya Kiyavitskaya,Nadzeya Kiyavitskaya,,1,1,,False
Nan Ma,Nan Ma,,1,1,,False
Nancy Hitschfeld-Kahler,Nancy Hitschfeld-Kahler,,1,1,,False
Natalia Juristo,Natalia Juristo,,2,1,,False
Natalya Goelzer,Natalya Goelzer,,1,1,,False
Nathácia Indayara Pereira,Nathácia Indayara Pereira,,1,1,,False
Nathálea Salem,Nathálea Salem,,1,1,,False
Nazim H. Madhavji,Nazim H. Madhavji,,1,1,,False
Nebojša Taušan,Nebojša Taušan,,1,1,,False
Nelly Bencomo,Nelly Bencomo,,1,1,,False
Nelly Condori-Fernández,Nelly Condori-Fernández,,3,3,,False
Nelly Condori-Fernandez,Nelly Condori-Fernández,same_key,1,3,2,False
Nelly Condori Fernández,Nelly Condori-Fernández,same_key,0,3,0,False
Nelson Gutemberg Rocha Da Silva,Nelson Gutemberg Rocha Da Silva,,1,2,,False
Nelson Gutemberg Rocha da Silva,Nelson Gutemberg Rocha Da Silva,same_key,1,2,2,False
Nicola Zeni,Nicola Zeni,,1,1,,False
Nicolli Rios,Nicolli Rios,,1,1,,False
Nicolás A. Bedetti,Nicolás A. Bedetti,,1,1,,False
Nicolás Simón Ruffolo,Nicolás Simón Ruffolo,,1,2,,False
Nicolas Ruffolo,Nicolás Simón Ruffolo,subset,1,2,1,False
Nina D. Fogelström,Nina D. Fogelström,,1,1,,False
Nobukazu Yoshioka,Nobukazu Yoshioka,,1,1,,False
Nuno J. Nunes,Nuno J. Nunes,,1,1,,False
Néstor Adolfo Mamani Macedo,Néstor Adolfo Mamani Macedo,,1,1,,False
O. López,O. López,manual,1,6,,False
Octavio A. Ríos,Octavio A. Ríos,,1,1,,False
Olga Ormandjieva,Olga Ormandjieva,,1,2,,False
O. Ormandjieva,Olga Ormandjieva,manual,1,2,0,False
Omar Alimenti,Omar Alimenti,,1,1,,False
Orlando Oliveira,Orlando Oliveira,,1,1,,False
Oscar Dieste,Oscar Dieste,,5,1,,False
Oscar Pastor,Oscar Pastor,,9,6,,False
Óscar Pastor,Oscar Pastor,surname_not_last,3,6,1,False
Oscar Pastor López,Oscar Pastor,surname_not_last,1,6,1,False
Óscar Pastor López,Oscar Pastor,surname_not_last,1,6,1,False
O. Pastor,Oscar Pastor,surname_not_last,1,6,3,False
Over Causil,Over Causil,,1,1,,False
P. Belenguer,P. Belenguer,,1,1,,False
P. Letelier,P. Letelier,,1,1,,False
P. Paolini,P. Paolini,,1,1,,False
Pablo Dall Oglio,Pablo Dall Oglio,,1,1,,False
Pablo Roldán Valdiviezo,Pablo Roldán Valdiviezo,,1,1,,False
Pablo Thomas,Pablo Thomas,,6,2,,False
Pablo Javier Thomas,Pablo Thomas,subset,1,2,3,False
Paola Grijalva-Arriaga,Paola Grijalva-Arriaga,,1,1,,False
Patricia Mergulhão,Patricia Mergulhão,,2,2,,False
Patrícia Mergulhão,Patricia Mergulhão,same_key,1,2,2,False
Patricia Pesado,Patricia Pesado,,2,1,,False
Patrick C. K. Hung,Patrick C. K. Hung,,1,1,,False
Patrícia Freitas Campos de Vasconcelos,Patrícia Freitas Campos de Vasconcelos,,1,1,,False
Patrícia Tedesco,Patrícia Tedesco,,1,2,,False
Patricia Tedesco,Patrícia Tedesco,same_key,1,2,0,False
Patrícia Vilain,Patrícia Vilain,,1,1,,False
Paulo Cesar Masiero,Paulo Cesar Masiero,,1,2,,False
Paulo C. Masiero,Paulo Cesar Masiero,manual,1,2,0,False
Paulo Duarte,Paulo Duarte,,1,1,,False
Paulo Lima,Paulo Lima,,3,1,,False
Paulo Malcher,Paulo Malcher,,1,1,,False
Paulo Roberto Silva dos Reis,Paulo Roberto Silva dos Reis,,1,1,,False
Paulo Sérgio Medeiros,Paulo Sérgio Medeiros,,1,1,,False
Paulo Sérgio Muniz Silva,Paulo Sérgio Muniz Silva,,1,2,,False
Paulo Sergio Muniz Silva,Paulo Sérgio Muniz Silva,same_key,1,2,1,False
Pedro D. Valente,Pedro D. Valente,,1,1,,False
Pedro Dias,Pedro Dias,,1,1,,False
Pedro E. Colla,Pedro E. Colla,,1,1,,False
Pedro Fernandes Ribeiro Neto,Pedro Fernandes Ribeiro Neto,,1,1,,False
Pedro Henrique Teixeira Costa,Pedro Henrique Teixeira Costa,,1,1,,False
Pedro Lucas Dornelles,Pedro Lucas Dornelles,,1,1,,False
Pedro Nuno,Pedro Nuno,,1,1,,False
Pedro O. Rossel,Pedro O. Rossel,,1,1,,False
Pedro Oscar,Pedro Oscar,,1,1,,False
Pedro Pignaton Negri,Pedro Pignaton Negri,,1,1,,False
Pedro Rodrigues de Carvalho Junior,Pedro Rodrigues de Carvalho Junior,,1,1,,False
Pedro Valderas,Pedro Valderas,,1,1,,False
Pengfei Chen Michael Weiss,Pengfei Chen Michael Weiss,,1,1,,False
Pere Botella,Pere Botella,,1,2,,False
P. Botella,Pere Botella,initials,1,2,1,False
Peter Sawyer,Peter Sawyer,,1,1,,False
Pollyanna C. O. Dias,Pollyanna C. O. Dias,,1,1,,False
Priscila Engiel,Priscila Engiel,,1,1,,False
Priscila Lima,Priscila Lima,,1,1,,False
Priscila Portela Costa,Priscila Portela Costa,,1,1,,False
Priscilla B. B. Pagliuso,Priscilla B. B. Pagliuso,,2,1,,False
Quazi A. Rahman,Quazi A. Rahman,,1,1,,False
Quelita Ribeiro,Quelita Ribeiro,,3,1,,False
R. Corchuelo Gil,Rafael Corchuelo,surname_not_last,1,3,3,False
Rafael Corchuelo,Rafael Corchuelo,,1,3,,False
R. Corchuelo,Rafael Corchuelo,surname_not_last,1,3,3,False
Rafael Crispim Ignácio,Rafael Crispim Ignácio,,1,1,,False
Rafael Duarte,Rafael Duarte,,1,1,,False
Rafael Ferreira,Rafael Ferreira,,1,1,,False
Rafael Lima,Rafael Lima,,2,1,,False
Rafael Mello,Rafael Mello,,1,1,,False
Rafael Nascimento,Rafael Nascimento,,2,1,,False
Rafael Parizi,Rafael Parizi,,4,1,,False
Rafael Pinto,Rafael Pinto,,1,1,,False
Rafael Prikladnicki,Rafael Prikladnicki,,2,1,,False
Rafael Soares,Rafael Soares,,1,1,,False
Rafael Timóteo de Sousa Junior,Rafael Timóteo de Sousa Junior,,1,1,,False
Raimundo Fagner Costa,Raimundo Fagner Costa,,1,1,,False
Rainara Maia Carvalho,Rainara Maia Carvalho,,1,1,,False
Ramon Luna,Ramon Luna,,1,1,,False
Rebeca C. Motta,Rebeca C. Motta,,1,1,,False
Rebeca Camurça Cunha,Rebeca Camurça Cunha,,1,1,,False
Rebeca Teodoro Da Silva,Rebeca Teodoro Da Silva,,1,2,,False
Rebeca Teodoro da Silva,Rebeca Teodoro Da Silva,same_key,1,2,2,False
Regina Andrade Brito,Regina Andrade Brito,,1,1,,False
Reinaldo Silva,Reinaldo Silva,,1,1,,False
Renata Braga,Renata Braga,,2,1,,False
Renata Guizzardi,Renata Guizzardi,,1,1,,False
Renata Melo,Renata Melo,,2,1,,False
Renata Pontin de M. Fortes,Renata Pontin de M. Fortes,,1,1,,False
Renata Souza,Renata Souza,,1,1,,False
Renata Vinadé,Renata Vinadé,,2,1,,False
Renato F. Bulcão-Neto,Renato F. Bulcão-Neto,,5,4,,False
Renato Bulcão-Neto,Renato F. Bulcão-Neto,subset,3,4,2,False
Renato de Freitas Bulcão Neto,Renato F. Bulcão-Neto,manual,1,4,0,False
Renato de Freitas Bulcão-Neto,Renato F. Bulcão-Neto,subset,1,4,2,False
Renato G. Fritola,Renato G. Fritola,,1,1,,False
Renato Menezes,Renato Menezes,,1,1,,False
Rhenara Oliveira,Rhenara Oliveira,,2,1,,False
Ricardo Ajax. D. Kosloski,Ricardo Ajax. D. Kosloski,,1,1,,False
Ricardo Almeida,Ricardo Almeida,manual,1,3,,False
Ricardo André Cavalcante de Souza,Ricardo André Cavalcante de Souza,,1,1,,False
Ricardo C. O. Amorim,Ricardo C. O. Amorim,,1,1,,False
Ricardo Cordeiro Galvão Santana van Erven,Ricardo Cordeiro Galvão Santana van Erven,,1,1,,False
Ricardo D. Maya,Ricardo D. Maya,,1,1,,False
Ricardo Ramos,Ricardo Ramos,,3,4,,False
Ricardo Argenton Ramos,Ricardo Ramos,subset,1,4,1,False
Ricardo A. Ramos,Ricardo Ramos,subset,1,4,2,False
Ricardo Argenton,Ricardo Ramos,surname_not_last,1,4,2,False
Ricardo de Almeida Falbo,Ricardo de Almeida Falbo,,2,3,,False
R. de A. Falbo,Ricardo de Almeida Falbo,manual,1,3,0,False
Ridha Khedri,Ridha Khedri,,1,1,,False
Rita Suzana Pitangueira Maciel,Rita Suzana Pitangueira Maciel,,2,3,,False
Rita S. P Maciel,Rita Suzana Pitangueira Maciel,subset,1,3,1,False
Rita Pitangueira,Rita Suzana Pitangueira Maciel,surname_not_last,1,3,1,False
Robert Carlisle Burnett,Robert Carlisle Burnett,,4,1,,False
Robert Ramac,Robert Ramac,,1,1,,False
Roberta Andrade de A. Fagundes,Roberta Andrade de A. Fagundes,,1,2,,False
Roberta Fagundes,Roberta Andrade de A. Fagundes,manual,1,2,0,False
Roberta Coelho,Roberta Coelho,,1,1,,False
Roberta Gomes,Roberta Gomes,,1,1,,False
Roberto Avila Paldês,Roberto Avila Paldês,,2,3,,False
Roberto Avila Paldes,Roberto Avila Paldês,same_key,1,3,1,False
Roberto A. Paldês,Roberto Avila Paldês,subset,1,3,2,False
Roberto Azevedo,Roberto Azevedo,,1,1,,False
Roberto Pereira,Roberto Pereira,,1,1,,False
Roberto Tom Price,Roberto Tom Price,,1,1,,False
Roberto de Cerqueira Figueiredo,Roberto de Cerqueira Figueiredo,,1,1,,False
Roberto de Souza Júnior,Roberto de Souza Júnior,,1,1,,False
Robson Lima de Alencar,Robson Lima de Alencar,,1,1,,False
Rodolfo V. C. L. de Andrade,Rodolfo V. C. L. de Andrade,,1,1,,False
Rodrigo Cezario da Silva,Rodrigo Cezario da Silva,,1,1,,False
Rodrigo Juliao dos Santos,Rodrigo Juliao dos Santos,,1,1,,False
Rodrigo Oliveira Zacarias,Rodrigo Oliveira Zacarias,,1,1,,False
Rodrigo Pereira dos Santos,Rodrigo Pereira dos Santos,,2,1,,False
Rodrigo Santos,Rodrigo Santos,ambiguous,2,1,,True
Rodrigo Santos de Espindola,Rodrigo Santos de Espindola,,1,2,,False
Rodrigo Espindola,Rodrigo Santos de Espindola,subset,1,2,1,False
Rodrigo Spínola,Rodrigo Spínola,,1,1,,False
Roel Wieringa,Roel Wieringa,,2,2,,False
R. J. Wieringa,Roel Wieringa,initials,1,2,1,False
Romeu Ferreira de Oliveira,Romeu Ferreira de Oliveira,,1,2,,False
Romeu F. de Oliveira,Romeu Ferreira de Oliveira,subset,1,2,1,False
Romina Torres,Romina Torres,,2,1,,False
Rosa Candida Pinto,Rosa Candida Pinto,,1,1,,False
R. Pinto,Rosa Candida Pinto,manual,1,1,2,False
Rosa Maria E. M. da Costa,Rosa Maria E. M. da Costa,,1,1,,False
Rosangela Penteado,Rosangela Penteado,,1,2,,False
Rosângela Penteado,Rosangela Penteado,same_key,1,2,0,False
Rosario Girardi,Rosario Girardi,,1,1,,False
Rossana Andrade,Rossana Andrade,,2,2,,False
Rossana M. C. Andrade,Rossana Andrade,subset,1,2,1,False
Rosângela De,Rosângela De,,1,1,,False
Roxana Giandini,Roxana Giandini,,1,1,,False
Roxana Portugal,Roxana Portugal,,4,4,,False
Roxana L. Q. Portugal,Roxana Portugal,subset,2,4,3,False
Roxana L. Quintanilla Portugal,Roxana Portugal,subset,1,4,3,False
Roxana L.Q. Portugal,Roxana Portugal,manual,1,4,0,False
Roxana Saavedra,Roxana Saavedra,,1,1,,False
Ruben Araújo,Ruben Araújo,,1,1,,False
Ruben H. Ullón,Ruben H. Ullón,,1,1,,False
Ruy Ovídio Perrelli de Melo,Ruy Ovídio Perrelli de Melo,,1,1,,False
Ruzanna Chitchyan,Ruzanna Chitchyan,,1,1,,False
S. Martí,S. Martí,,1,1,,False
Sabrina Marczak,Sabrina Marczak,,6,1,,False
Saiqa Aleem,Saiqa Aleem,,1,1,,False
Samuel Anjos Neto,Samuel Anjos Neto,,1,1,,False
Sandeison Fernandes,Sandeison Fernandes,,1,1,,False
Sandra Fabbri,Sandra Fabbri,,5,1,,False
Sandro Bimonte,Sandro Bimonte,,1,1,,False
Sandro R. B. Oliveira,Sandro R. B. Oliveira,,3,2,,False
Sandro Ronaldo Bezerra Oliveira,Sandro R. B. Oliveira,subset,2,2,1,False
Sandro Santos Andrade,Sandro Santos Andrade,,1,1,,False
Santiago Cecconato,Santiago Cecconato,,2,1,,False
Sara Guimarães,Sara Guimarães,,1,1,,False
Sarah Ribeiro,Sarah Ribeiro,,1,1,,False
Sarasuaty Yelisetty,Sarasuaty Yelisetty,,1,1,,False
Sasha Valdes Jimenez,Sasha Valdes Jimenez,,1,1,,False
Sebastián Dapoto,Sebastián Dapoto,,2,1,,False
Sebastián Diaz,Sebastián Diaz,,1,1,,False
Sepideh Ghanavati,Sepideh Ghanavati,,1,1,,False
Sergio España,Sergio España,,2,1,,False
Sergio Firmenich,Sergio Firmenich,,1,1,,False
Shadi Moradi Seresht,Shadi Moradi Seresht,,1,1,,False
Sheila Reinehr,Sheila Reinehr,,1,1,,False
Shuib Basri,Shuib Basri,,1,1,,False
Sidgley C. de Andrade,Sidgley C. de Andrade,,1,1,,False
Silvia Angelica Zanco Ladeira,Silvia Angelica Zanco Ladeira,,1,1,,False
Silvia Gordillo,Silvia Gordillo,,1,1,,False
Silvia I. Barba Brunner,Silvia I. Barba Brunner,,1,1,,False
Silvia Pereira,Silvia Pereira,,2,1,,False
Simara Rocha,Simara Rocha,,1,1,,False
Simone Diniz Junqueira Barbosa,Simone Diniz Junqueira Barbosa,,1,1,,False
Simone da Silva Amorim,Simone da Silva Amorim,,1,1,,False
Soeli T. Fiorini,Soeli T. Fiorini,,2,1,,False
Sofía Celano,Sofía Celano,,1,1,,False
Sonia Santana,Sonia Santana,,2,1,,False
Sri Fatimah Tjong,Sri Fatimah Tjong,,2,1,,False
Stanley Loh,Stanley Loh,,1,1,,False
Stefan Wagner,Stefan Wagner,,1,1,,False
Stefano Rizzi,Stefano Rizzi,,1,1,,False
Stella Tornabene,Stella Tornabene,,1,1,,False
Sthefanie Magro,Sthefanie Magro,,1,1,,False
Susana Brunoro C. Oliveira,Susana Brunoro C. Oliveira,,1,1,,False
Suzana Sampaio,Suzana Sampaio,,1,1,,False
Sávio Freire,Sávio Freire,,3,1,,False
Sâmmara Éllen Renner Ferrão,Sâmmara Éllen Renner Ferrão,,1,1,,False
Sérgio Crespo Coelho da Silva Pinto,Sérgio Crespo Coelho da Silva Pinto,,1,1,,False
Taciana Novo Kudo,Taciana Novo Kudo,,3,3,,False
Taciana N. Kudo,Taciana Novo Kudo,subset,2,3,2,False
Taciana Kudo,Taciana Novo Kudo,subset,1,3,2,False
Tadeu Classe,Tadeu Classe,,2,2,,False
Tadeu Moreira de Classe,Tadeu Classe,subset,1,2,2,False
Taina Santos,Taina Santos,,1,1,,False
Talita Marques Ruiz Slavov,Talita Marques Ruiz Slavov,,1,1,,False
Tarcísio Pereira,Tarcísio Pereira,,5,1,,False
Tassio Ferenzini Martins Sirqueira,Tassio Ferenzini Martins Sirqueira,,2,1,,False
Tayana Conte,Tayana Conte,,7,2,,False
Tayana U. Conte,Tayana Conte,subset,1,2,2,False
Teresa Maciel,Teresa Maciel,,1,1,,False
Tereza Gonçalves Kirner,Tereza Gonçalves Kirner,,2,2,,False
Tereza G. Kirner,Tereza Gonçalves Kirner,manual,1,2,0,False
Thais Ebling,Thais Ebling,,1,1,,False
Thelma Chiossi,Thelma Chiossi,,1,1,,False
Thiago Cabral,Thiago Cabral,,1,1,,False
Thiago de Moura Parracho,Thiago de Moura Parracho,,1,1,,False
Thomas Pablo,Thomas Pablo,,1,1,,False
Tiago Brito,Tiago Brito,,2,1,,False
Tiago Heineck,Tiago Heineck,,3,1,,False
Tiago Pedrosa,Tiago Pedrosa,,1,1,,False
Timóteo Gomes,Timóteo Gomes,,4,1,,False
Tony Gorschek,Tony Gorschek,,2,1,,False
Tracy Hall,Tracy Hall,,1,1,,False
Trevor Barker,Trevor Barker,,1,1,,False
Uirá Kulesza,Uirá Kulesza,,1,1,,False
Ulla Louise Didriksson,Ulla Louise Didriksson,,1,1,,False
Uolevi Nikula,Uolevi Nikula,,1,1,,False
V. Anaya,V. Anaya,,1,1,,False
Vagner L. Gava,Vagner L. Gava,,1,1,,False
Valeria Ortiz Quiroz,Valeria Ortiz Quiroz,,1,1,,False
Valéria Delisandra Feltrim,Valéria Delisandra Feltrim,,1,1,,False
Valéria Farinazzo Martins Salvador,Valéria Farinazzo Martins Salvador,,1,1,,False
Vanessa M. da Silva,Vanessa M. da Silva,,1,1,,False
Vera Ivanova,Vera Ivanova,,1,1,,False
Vera Maria B. Werneck,Vera Maria Benjamim Werneck,manual,4,1,4,False
Vera Werneck,Vera Maria Benjamim Werneck,manual,3,1,3,False
Vera Maria Benjamim Werneck,Vera Maria Benjamim Werneck,,2,1,,False
Vera Maria Werneck,Vera Maria Benjamim Werneck,manual,2,1,0,False
Vera Maria Bejamim Werneck,Vera Maria Benjamim Werneck,manual,1,1,2,False
Vera M.B. Werneck,Vera Maria Benjamim Werneck,manual,1,1,0,False
V.M. B. Werneck,Vera Maria Benjamim Werneck,manual,1,1,1,False
Verónica Castañeda,Verónica Castañeda,,1,1,,False
Vianca Vega Zepeda,Vianca Vega Zepeda,,1,1,,False
Vicente Pelechano,Vicente Pelechano,,1,1,,False
Victor Augusto Pozzan,Victor Augusto Pozzan,,2,2,,False
Victor A. Pozzan,Victor Augusto Pozzan,subset,1,2,2,False
Victor Borges Loures de Paula,Victor Borges Loures de Paula,,1,1,,False
Victor Francisco Araya Santander,Victor Francisco Araya Santander,,8,5,,False
Victor F.A. Santander,Victor Francisco Araya Santander,subset,4,5,4,False
Victor F. A. Santander,Victor Francisco Araya Santander,subset,4,5,2,False
Victor Santander,Victor Francisco Araya Santander,manual,3,5,0,False
Victor A. Santander,Victor Francisco Araya Santander,subset,2,5,1,False
Victor O. Hermsdorf,Victor O. Hermsdorf,,1,1,,False
Victoria Bondarchuk,Victoria Bondarchuk,,1,1,,False
Vinícius Dias Paldês,Vinícius Dias Paldês,,1,1,,False
Vinícius Monteiro,Vinícius Monteiro,,1,1,,False
Vinícius Polito,Vinícius Polito,,1,1,,False
Virginia Mauco,Virginia Mauco,,2,2,,False
María Virginia Mauco,Virginia Mauco,first_name_omitted,1,2,1,False
Vito Perrone,Vito Perrone,,1,1,,False
Vitor Luiz Caldeira Gilnek,Vitor Luiz Caldeira Gilnek,,2,1,,False
Viviana A. Ledesma,Viviana A. Ledesma,,1,1,,False
Vladimir Mandic,Vladimir Mandic,,1,1,,False
Vítor E. Silva Souza,Vítor E. Silva Souza,,2,1,,False
Wallace M. P. Lira,Wallace M. P. Lira,,1,1,,False
Wilian Stancke,Wilian Stancke,,1,1,,False
Willian Samuel Gerstberger,Willian Samuel Gerstberger,,1,1,,False
Willy Silva Coutinho,Willy Silva Coutinho,,1,1,,False
Wilson Carlos da Silva,Wilson Carlos da Silva,,1,1,,False
Wylliams Barbosa Santos,Wylliams Barbosa Santos,,1,2,,False
Wylliams Santos,Wylliams Barbosa Santos,manual,1,2,0,False
Xavier Burgués,Xavier Burgués,,1,2,,False
X. Burgués,Xavier Burgués,initials,1,2,3,False
Xavier Franch,Xavier Franch,,11,2,,False
X. Franch,Xavier Franch,initials,1,2,4,False
Ytalo Silva,Ytalo Silva,,1,1,,False
Zair Abdelouahab,Zair Abdelouahab,,3,1,,False
Zhi Li,Zhi Li,,1,1,,False
Zlatko Zlatev,Zlatko Zlatev,,1,1,,False
Zude Li,Zude Li,,1,1,,False
y Lucas O. Carnero,y Lucas O. Carnero,,1,1,,False
Álvaro Rocha,Álvaro Rocha,,1,1,,False
Álvaro Soares dos Santos,Álvaro Soares dos Santos,,1,1,,False
Álvaro Soria,Álvaro Soria,,1,1,,False
