variant,canonical,paper_id
João Victor R. Araújo,,
Ricardo Almeida,,
L.A. Martins,,
O. López,,
Henrique de Sá Sousa,Henrique Prado de Sá Sousa,
Henrique S. P. Sousa,Henrique Prado de Sá Sousa,
C. Silva,Carla Silva,
Vera Maria Bejamim Werneck,Vera Maria Benjamim Werneck,
Vera Maria B. Werneck,Vera Maria Benjamim Werneck,
Vera M.B. Werneck,Vera Maria Benjamim Werneck,
V.M. B. Werneck,Vera Maria Benjamim Werneck,
Vera Maria Werneck,Vera Maria Benjamim Werneck,
Vera Werneck,Vera Maria Benjamim Werneck,
Henrique P. Sousa,Henrique Prado de Sá Sousa,
Henrique Sousa,Henrique Prado de Sá Sousa,
R. Pinto,Rosa Candida Pinto,
Juan Sánchez,Juan Sánchez Díaz,
Juan Sánchez Díaz,Juan Sánchez Díaz,
Juan Sánchez Diaz,Juan Sánchez Díaz,
J. Sanchez,Juan Sánchez Díaz,
J. Sánchez,Juan Sánchez Díaz,
Marco A. Toranzo Céspedes,Marco Toranzo,
M. Toranzo,Marco Toranzo,
E. Mello,Elton Mello,
D.F. Togneri,Denise Franzotti Togneri,
C. S. de Menezes,Crediné Silva de Menezes,
R. de A. Falbo,Ricardo de Almeida Falbo,
Alexandre M. L. de Vasconcelos,Alexandre Marcos Lins de Vasconcelos,
Ariadne Carvalho,Ariadne M. B. R. Carvalho,
Carlos Lahoz,Carlos Henrique Netto Lahoz,
D. Bolchini,Davide Bolchini,
Edgar Sarmiento,Edgar Sarmiento Calisaya,
Enyo José Tavares Gonçalves,Enyo Gonçalves,
Eric S.K. Yu,Eric Yu,
Fernanda Maria Ribeiro de Alencar,Fernanda Alencar,
F.A.C. Pinheiro,Francisco A. C. Pinheiro,
Johnny Marques,Johnny Cardoso Marques,
Jorge Luis Nicolas Audy,Jorge Luis N. Audy,
Leandro Lopes,Leandro T. Lopes,
Luciana C. Ballejos,Luciana Ballejos,
L.E.G. Martins,Luiz Eduardo Galvão Martins,
M.A. Laguna,Miguel A. Laguna,
O. Ormandjieva,Olga Ormandjieva,
Paulo C. Masiero,Paulo Cesar Masiero,
Renato de Freitas Bulcão Neto,Renato F. Bulcão-Neto,
Roberta Fagundes,Roberta Andrade de A. Fagundes,
Roxana L.Q. Portugal,Roxana Portugal,
Tereza G. Kirner,Tereza Gonçalves Kirner,
Victor Santander,Victor Francisco Araya Santander,
Wylliams Santos,Wylliams Barbosa Santos,
Rodrigo Santos,Rodrigo Santos (arg),wer201005
Rodrigo Santos,Rodrigo Pereira dos Santos,wer202306
Rodrigo Santos,Rodrigo Santos,wer202500
